<?xml version="1.0" encoding="UTF-8" standalone="yes"?>
<addon id="plugin.video.RetoForteKodiWizard" name="RetoForte" version="1.0.0" provider-name="RetoForte">
  <requires>
    <import addon="xbmc.python" version="2.1.0"/>
  </requires>
  <extension point="xbmc.python.pluginsource" library="default.py">
        <provides>video executable</provides>
  </extension>
  <extension point="xbmc.addon.metadata">
    <summary lang="en">Reto Forte Wizard</summary>
    <description lang="en">Tu instalador de proveedores de contenido. Nos actualizamos constantemente para mantener que tu experiencia de entretenimiento sea mejor.</description>
	<website>http://google.com</website>
    <platform>all</platform>
  </extension>
</addon>
