<?xml version="1.0" encoding="UTF-8" standalone="yes"?>
<addon id="repository.kodi-mexico" name="RetoForte Repo" version="1.0.0" provider-name="KodiMexico">
	<extension point="xbmc.addon.repository" name="Kodi-Mexico official Repo">
		<info compressed="false">https://raw.githubusercontent.com/retoforte/RetoForte/master/addons.xml</info>
		<checksum>https://raw.githubusercontent.com/retoforte/RetoForte/master/addons.xml.md5</checksum>
		<datadir zip="true">https://raw.githubusercontent.com/retoforte/RetoForte/master</datadir>
	</extension>
	<extension point="xbmc.addon.metadata">
		<summary>RetoForte official Repo</summary>
   		<description lang="en">Instala los Addons.</description>
		<disclaimer></disclaimer>
		<platform>all</platform>
	</extension>
</addon>